,total_schools_in_district,total_students_in_district,total budget for district,School ID,school,avg_reading_score,avg_math_score,type,size,budget,pass%_math,pass%_reading,overall_pass%
0,7,26976,17347923,7,Bailey High School,81.01710826655155,77.02206332191551,District,4976,3124928,100,100,100.0
2,7,26976,17347923,1,Figueroa High School,81.15817798712497,76.74468101940192,District,2949,1884411,100,100,100.0
3,7,26976,17347923,13,Ford High School,80.74033611740194,77.03292036984261,District,2739,1763916,100,100,100.0
5,7,26976,17347923,3,Hernandez High School,80.94507222150636,77.2746249559448,District,4635,3022020,100,100,100.0
7,7,26976,17347923,0,Huang High School,81.13153222837335,76.65205737117172,District,2917,1910635,100,100,100.0
8,7,26976,17347923,12,Johnson High School,80.96943405807701,77.05846857627832,District,4761,3094650,100,100,100.0
10,7,26976,17347923,11,Rodriguez High School,80.71604295719703,76.88970991507152,District,3999,2547363,100,100,100.0
